{
    "data": {
        "block": 2,
        "acp": [
            {
                "title": "Copy-paste Experiment",
                "var": ["Phrase", "--Independent Variable 3--"],
                "Instruction": "Please copy-paste using ACP and using this phrase from one of the opened document window",
                "Stimuli": "What is ampere",
                "FontSize": 14

            },
            {
                "title": "Copy-paste Experiment",
                "var": ["Sentence", "--Independent Variable 3--"],
                "Instruction": "Please copy-paste using ACP and using this sentence from one of the opened document window",
                "Stimuli": "This is a text from one of the open document."
            },
            {
                "title": "Copy-paste Experiment",
                "var": ["Paragraph", "--Independent Variable 3--"],
                "Instruction": "Please copy-paste using ACP and using this phrase from one of the opened document window",
                "Stimuli": "This is a text  from one of the open document. ANd this is a paragraph."
            }
        ],
        "xwindow": [
            {
                "title": "Copy-paste Experiment",
                "var": ["Phrase", "--Independent Variable 3--"],
                "Instruction": "Please copy-paste using XWindow and using this phrase from one of the opened document window",
                "Stimuli": "text from one of the open document"
            },
            {
                "title": "Copy-paste Experiment",
                "var": ["Sentence", "--Independent Variable 3--"],
                "Instruction": "Please copy-paste using XWindow and using this sentence from one of the opened document window",
                "Stimuli": "This is a text from one of the open document."
            },
            {
                "title": "Copy-paste Experiment",
                "var": ["Paragraph", "--Independent Variable 3--"],
                "Instruction": "Please copy-paste using XWindow and using this phrase from one of the opened document window",
                "Stimuli": "This is a text  from one of the open document. ANd this is a paragraph."
            }
        ]
    }
}